Unnamed: 0,Player Name,Base Price,Type,Cost in Rs. (CR),Cost in $ (K),2022 Squad,2023 Squad
0,Shivam Mavi,4000000,BOWLER,6,720,Kolkata Knight Riders,Gujrat Titans
0,Joshua Little,5000000,BOWLER,4.4,528,,Gujrat Titans
0,Kane Williamson,20000000,BATSMAN,2,240,Surisers Hyderabad,Gujrat Titans
0,K.S. Bharat,2000000,WICKETKEEPER,1.2,144,Delhi Capitals,Gujrat Titans
0,Mohit Sharma,5000000,BOWLER,0.5,60,,Gujrat Titans
0,Odean Smith,5000000,ALL-ROUNDER,0.5,60,Punjab Kings,Gujrat Titans
0,Urvil Patel,2000000,WICKETKEEPER,0.2,24,,Gujrat Titans
0,Rahul Tewatia,Retained,ALL-ROUNDER,0,0,Gujrat Titans,Gujrat Titans
0,Pradeep Sangwan,Retained,ALL-ROUNDER,0,0,Gujrat Titans,Gujrat Titans
0,Rashid Khan,Retained,BOWLER,0,0,Gujrat Titans,Gujrat Titans
0,R. Sai Kishore,Retained,BOWLER,0,0,Gujrat Titans,Gujrat Titans
0,Yash Dayal,Retained,BOWLER,0,0,Gujrat Titans,Gujrat Titans
0,Noor Ahmad,Retained,BOWLER,0,0,Gujrat Titans,Gujrat Titans
0,Wriddhiman Saha,Retained,WICKETKEEPER,0,0,Gujrat Titans,Gujrat Titans
0,Vijay Shankar,Retained,ALL-ROUNDER,0,0,Gujrat Titans,Gujrat Titans
0,Shubman Gill,Retained,BATSMAN,0,0,Gujrat Titans,Gujrat Titans
0,Hardik Pandya,Retained,ALL-ROUNDER,0,0,Gujrat Titans,Gujrat Titans
0,B. Sai Sudharsan,Retained,ALL-ROUNDER,0,0,Gujrat Titans,Gujrat Titans
0,Alzari Joseph,Retained,BOWLER,0,0,Gujrat Titans,Gujrat Titans
0,Abhinav Sadarangani,Retained,BATSMAN,0,0,Gujrat Titans,Gujrat Titans
0,Darshan Nalkande,Retained,ALL-ROUNDER,0,0,Gujrat Titans,Gujrat Titans
0,David Mumbai Indiansller,Retained,BATSMAN,0,0,Gujrat Titans,Gujrat Titans
0,Matthew Wade,Retained,WICKETKEEPER,0,0,Gujrat Titans,Gujrat Titans
0,Jayant Yadav,Retained,ALL-ROUNDER,0,0,Gujrat Titans,Gujrat Titans
0,Mohammad Shami,Retained,BOWLER,0,0,Gujrat Titans,Gujrat Titans
0,Ben Stokes,20000000,ALL-ROUNDER,16.25,1950,,Chennai Super Kings
0,Kyle Jameson,10000000,BOWLER,1,120,,Chennai Super Kings
0,Nishant Sindhu,2000000,ALL-ROUNDER,0.6,72,,Chennai Super Kings
0,Ajinkya Rahane,5000000,BATSMAN,0.5,60,Kolkata Knight Riders,Chennai Super Kings
0,Bhagath Varma,2000000,ALL-ROUNDER,0.2,24,Chennai Super Kings,Chennai Super Kings
0,Ajay Mandal,2000000,ALL-ROUNDER,0.2,24,,Chennai Super Kings
0,Shaik Rasheed,2000000,BATSMAN,0.2,24,,Chennai Super Kings
0,Ravindra Jadeja,Retained,ALL-ROUNDER,0,0,Chennai Super Kings,Chennai Super Kings
0,Rajvardhan Hangargekar,Retained,ALL-ROUNDER,0,0,Chennai Super Kings,Chennai Super Kings
0,Prashant Solanki,Retained,BOWLER,0,0,Chennai Super Kings,Chennai Super Kings
0,Ruturaj Gaikwad,Retained,BATSMAN,0,0,Chennai Super Kings,Chennai Super Kings
0,Tushar Deshpande,Retained,BOWLER,0,0,Chennai Super Kings,Chennai Super Kings
0,Mukesh Choudhary,Retained,BOWLER,0,0,Chennai Super Kings,Chennai Super Kings
0,Subhranshu Senapati,Retained,BATSMAN,0,0,Chennai Super Kings,Chennai Super Kings
0,Simarjeet Singh,Retained,BOWLER,0,0,Chennai Super Kings,Chennai Super Kings
0,Shivam Dube,Retained,ALL-ROUNDER,0,0,Chennai Super Kings,Chennai Super Kings
0,Matheesha Pathirana,Retained,BOWLER,0,0,Chennai Super Kings,Chennai Super Kings
0,Devon Conway,Retained,BATSMAN,0,0,Chennai Super Kings,Chennai Super Kings
0,Deepak Chahar,Retained,BOWLER,0,0,Chennai Super Kings,Chennai Super Kings
0,Ambati Rayudu,Retained,BATSMAN,0,0,Chennai Super Kings,Chennai Super Kings
0,Dwaine Pretorius,Retained,ALL-ROUNDER,0,0,Chennai Super Kings,Chennai Super Kings
0,Maheesh Theekshana,Retained,BOWLER,0,0,Chennai Super Kings,Chennai Super Kings
0,Moeen Ali,Retained,ALL-ROUNDER,0,0,Chennai Super Kings,Chennai Super Kings
0,Michell Santner,Retained,ALL-ROUNDER,0,0,Chennai Super Kings,Chennai Super Kings
0,MS Dhoni,Retained,WICKETKEEPER,0,0,Chennai Super Kings,Chennai Super Kings
0,Mukesh Kumar,2000000,BOWLER,5.5,660,,Delhi Capitals
0,Rilee Rossouw,20000000,BATSMAN,4.6,552,,Delhi Capitals
0,Manish Pandey,10000000,BATSMAN,2.4,288,Lucknow Super Giants,Delhi Capitals
0,Phil Salt,20000000,WICKETKEEPER,2,240,,Delhi Capitals
0,Ishant Sharma,5000000,BOWLER,0.5,60,,Delhi Capitals
0,Ripal Patel,Retained,ALL-ROUNDER,0,0,Delhi Capitals,Delhi Capitals
0,Pravin Dubey,Retained,ALL-ROUNDER,0,0,Delhi Capitals,Delhi Capitals
0,Rishabh Pant,Retained,WICKETKEEPER,0,0,Delhi Capitals,Delhi Capitals
0,Prithvi Shaw,Retained,BATSMAN,0,0,Delhi Capitals,Delhi Capitals
0,Syed Khaleel Ahmed,Retained,BOWLER,0,0,Delhi Capitals,Delhi Capitals
0,Yash Dhull,Retained,ALL-ROUNDER,0,0,Delhi Capitals,Delhi Capitals
0,Vicky Ostwal,Retained,ALL-ROUNDER,0,0,Delhi Capitals,Delhi Capitals
0,Mustafizur Rahman,Retained,BOWLER,0,0,Delhi Capitals,Delhi Capitals
0,Sarfaraz Khan,Retained,ALL-ROUNDER,0,0,Delhi Capitals,Delhi Capitals
0,Rovman Powell,Retained,BATSMAN,0,0,Delhi Capitals,Delhi Capitals
0,Lalit Yadav,Retained,ALL-ROUNDER,0,0,Delhi Capitals,Delhi Capitals
0,Axar Patel,Retained,ALL-ROUNDER,0,0,Delhi Capitals,Delhi Capitals
0,Anrich Nortje,Retained,BOWLER,0,0,Delhi Capitals,Delhi Capitals
0,Aman Khan (T),Retained,ALL-ROUNDER,0,0,Delhi Capitals,Delhi Capitals
0,Chetan Sakariya,Retained,BOWLER,0,0,Delhi Capitals,Delhi Capitals
0,David Warner,Retained,BATSMAN,0,0,Delhi Capitals,Delhi Capitals
0,Lungisani Ngidi,Retained,BOWLER,0,0,Delhi Capitals,Delhi Capitals
0,Kuldeep Yadav,Retained,BOWLER,0,0,Delhi Capitals,Delhi Capitals
0,Kamlesh Nagarkoti,Retained,ALL-ROUNDER,0,0,Delhi Capitals,Delhi Capitals
0,Michell Marsh,Retained,ALL-ROUNDER,0,0,Delhi Capitals,Delhi Capitals
0,Shakib Al Hasan,1500000,ALL-ROUNDER,1.5,180,,Kolkata Knight Riders
0,David Wiese,10000000,ALL-ROUNDER,1,120,,Kolkata Knight Riders
0,N. Jagadeesan,2000000,WICKETKEEPER,0.9,108,Chennai Super Kings,Kolkata Knight Riders
0,Vaibhav Arora,2000000,BOWLER,0.6,72,Punjab Kings,Kolkata Knight Riders
0,Litton Das,5000000,WICKETKEEPER,0.5,60,,Kolkata Knight Riders
0,Mandeep Singh,5000000,BATSMAN,0.5,60,Delhi Capitals,Kolkata Knight Riders
0,Kulwant Khejroliya,2000000,BOWLER,0.2,24,,Kolkata Knight Riders
0,Suyash Sharma,2000000,BOWLER,0.2,24,,Kolkata Knight Riders
0,Sunil Narine,Retained,BOWLER,0,0,Kolkata Knight Riders,Kolkata Knight Riders
0,Shreyas Iyer,Retained,BATSMAN,0,0,Kolkata Knight Riders,Kolkata Knight Riders
0,Tim Southee,Retained,BOWLER,0,0,Kolkata Knight Riders,Kolkata Knight Riders
0,Umesh Yadav,Retained,BOWLER,0,0,Kolkata Knight Riders,Kolkata Knight Riders
0,Varun Chakaravarthy,Retained,BOWLER,0,0,Kolkata Knight Riders,Kolkata Knight Riders
0,Shardul Thakur (T),Retained,BOWLER,0,0,Kolkata Knight Riders,Kolkata Knight Riders
0,Venkatesh Iyer,Retained,ALL-ROUNDER,0,0,Kolkata Knight Riders,Kolkata Knight Riders
0,Harshit Rana,Retained,BOWLER,0,0,Kolkata Knight Riders,Kolkata Knight Riders
0,Anukul Roy,Retained,ALL-ROUNDER,0,0,Kolkata Knight Riders,Kolkata Knight Riders
0,Andre Russell,Retained,ALL-ROUNDER,0,0,Kolkata Knight Riders,Kolkata Knight Riders
0,Lockie Ferguson (T),Retained,BOWLER,0,0,Kolkata Knight Riders,Kolkata Knight Riders
0,Nitish Rana,Retained,ALL-ROUNDER,0,0,Kolkata Knight Riders,Kolkata Knight Riders
0,Rahmanullah Gurbaz (T),Retained,WICKETKEEPER,0,0,Kolkata Knight Riders,Kolkata Knight Riders
0,Rinku Singh,Retained,BATSMAN,0,0,Kolkata Knight Riders,Kolkata Knight Riders
0,Sam Curan,20000000,ALL-ROUNDER,18.5,2220,,Punjab Kings
0,Sikandar Raza,5000000,ALL-ROUNDER,0.5,60,,Punjab Kings
0,Harpreet Bhatia,2000000,BATSMAN,0.4,48,,Punjab Kings
0,Mohit Rathee,2000000,ALL-ROUNDER,0.2,24,,Punjab Kings
0,Vidwath Kaverappa,2000000,BOWLER,0.2,24,,Punjab Kings
0,Shivam Singh,5000000,WICKETKEEPER,0.2,24,,Punjab Kings
0,Liam Livingstone,Retained,ALL-ROUNDER,0,0,Punjab Kings,Punjab Kings
0,Baltej Singh Dhanda,Retained,BOWLER,0,0,Punjab Kings,Punjab Kings
0,Atharva Taide,Retained,ALL-ROUNDER,0,0,Punjab Kings,Punjab Kings
0,Bhanuka Rajapakse,Retained,BATSMAN,0,0,Punjab Kings,Punjab Kings
0,Jitesh Sharma,Retained,WICKETKEEPER,0,0,Punjab Kings,Punjab Kings
0,Nathan Ellis,Retained,BOWLER,0,0,Punjab Kings,Punjab Kings
0,Jonny Bairstow,Retained,WICKETKEEPER,0,0,Punjab Kings,Punjab Kings
0,Kagiso Rabada,Retained,BOWLER,0,0,Punjab Kings,Punjab Kings
0,Harpreet Brar,Retained,ALL-ROUNDER,0,0,Punjab Kings,Punjab Kings
0,Shahrukh Khan,Retained,ALL-ROUNDER,0,0,Punjab Kings,Punjab Kings
0,Shikhar Dhawan,Retained,BATSMAN,0,0,Punjab Kings,Punjab Kings
0,Rahul Chahar,Retained,BOWLER,0,0,Punjab Kings,Punjab Kings
0,Arshdeep Singh,Retained,BOWLER,0,0,Punjab Kings,Punjab Kings
0,Prabhsimran Singh,Retained,WICKETKEEPER,0,0,Punjab Kings,Punjab Kings
0,Raj Angad Bawa,Retained,ALL-ROUNDER,0,0,Punjab Kings,Punjab Kings
0,Rishi Dhawan,Retained,ALL-ROUNDER,0,0,Punjab Kings,Punjab Kings
0,Nicholas Pooran,20000000,WICKETKEEPER,16,1920,Surisers Hyderabad,Lucknow Super Giants
0,Daniel Sams,7500000,ALL-ROUNDER,0.75,90,Mumbai Indians,Lucknow Super Giants
0,Jaydev Unadkat,5000000,BOWLER,0.5,60,Mumbai Indians,Lucknow Super Giants
0,Naveen Ul Haq,5000000,BOWLER,0.5,60,,Lucknow Super Giants
0,Amit Mishra,5000000,BOWLER,0.5,60,,Lucknow Super Giants
0,Romario Shepherd,5000000,ALL-ROUNDER,0.5,60,Surisers Hyderabad,Lucknow Super Giants
0,Yash Thakur,2000000,BOWLER,0.45,54,,Lucknow Super Giants
0,Swapnil Singh,2000000,ALL-ROUNDER,0.2,24,,Lucknow Super Giants
0,Yudhvir Charak,2000000,ALL-ROUNDER,0.2,24,,Lucknow Super Giants
0,Prerak Mankad,2000000,ALL-ROUNDER,0.2,24,Punjab Kings,Lucknow Super Giants
0,Mark Wood,Retained,BOWLER,0,0,Lucknow Super Giants,Lucknow Super Giants
0,Marcus Stoinis,Retained,ALL-ROUNDER,0,0,Lucknow Super Giants,Lucknow Super Giants
0,Mayank Yadav,Retained,BOWLER,0,0,Lucknow Super Giants,Lucknow Super Giants
0,Mohsin Khan,Retained,BOWLER,0,0,Lucknow Super Giants,Lucknow Super Giants
0,Quinton De Kock,Retained,WICKETKEEPER,0,0,Lucknow Super Giants,Lucknow Super Giants
0,Manan Vohra,Retained,BATSMAN,0,0,Lucknow Super Giants,Lucknow Super Giants
0,Ravi Bishnoi,Retained,BOWLER,0,0,Lucknow Super Giants,Lucknow Super Giants
0,Deepak Hooda,Retained,ALL-ROUNDER,0,0,Lucknow Super Giants,Lucknow Super Giants
0,Ayush Badoni,Retained,ALL-ROUNDER,0,0,Lucknow Super Giants,Lucknow Super Giants
0,Avesh Khan,Retained,BOWLER,0,0,Lucknow Super Giants,Lucknow Super Giants
0,K. Gowtham,Retained,ALL-ROUNDER,0,0,Lucknow Super Giants,Lucknow Super Giants
0,Karan Sharma,Retained,ALL-ROUNDER,0,0,Lucknow Super Giants,Lucknow Super Giants
0,Krunal Pandya,Retained,ALL-ROUNDER,0,0,Lucknow Super Giants,Lucknow Super Giants
0,KL Rahul,Retained,BATSMAN,0,0,Lucknow Super Giants,Lucknow Super Giants
0,Kyle Mayers,Retained,ALL-ROUNDER,0,0,Lucknow Super Giants,Lucknow Super Giants
0,Cameron Green,20000000,ALL-ROUNDER,17.5,2100,,Mumbai Indians
0,Jhye Richardson,1500000,BOWLER,1.5,180,,Mumbai Indians
0,Piyush Chawla,5000000,BOWLER,0.5,60,,Mumbai Indians
0,Raghav Goyal,2000000,BOWLER,0.2,24,,Mumbai Indians
0,Shams Mulani,2000000,ALL-ROUNDER,0.2,24,,Mumbai Indians
0,Nehal Wadhera,2000000,ALL-ROUNDER,0.2,24,,Mumbai Indians
0,Vishnu Vinod,2000000,WICKETKEEPER,0.2,24,Surisers Hyderabad,Mumbai Indians
0,Duan Jansen,2000000,ALL-ROUNDER,0.2,24,,Mumbai Indians
0,Ramandeep Singh,Retained,ALL-ROUNDER,0,0,Mumbai Indians,Mumbai Indians
0,N. Tilak Varma,Retained,ALL-ROUNDER,0,0,Mumbai Indians,Mumbai Indians
0,Mohd. Arshad Khan,Retained,ALL-ROUNDER,0,0,Mumbai Indians,Mumbai Indians
0,Rohit Sharma,Retained,BATSMAN,0,0,Mumbai Indians,Mumbai Indians
0,Suryakumar Yadav,Retained,BATSMAN,0,0,Mumbai Indians,Mumbai Indians
0,Kumar Kartikeya Singh,Retained,ALL-ROUNDER,0,0,Mumbai Indians,Mumbai Indians
0,Tristan Stubbs*,Retained,WICKETKEEPER,0,0,Mumbai Indians,Mumbai Indians
0,Tim David,Retained,ALL-ROUNDER,0,0,Mumbai Indians,Mumbai Indians
0,Hrithik Shokeen,Retained,ALL-ROUNDER,0,0,Mumbai Indians,Mumbai Indians
0,Arjun Tendulkar,Retained,ALL-ROUNDER,0,0,Mumbai Indians,Mumbai Indians
0,Akash Madhwal,Retained,BOWLER,0,0,Mumbai Indians,Mumbai Indians
0,Dewald Brevis,Retained,BATSMAN,0,0,Mumbai Indians,Mumbai Indians
0,Ishan Kishan,Retained,WICKETKEEPER,0,0,Mumbai Indians,Mumbai Indians
0,Jasprit Bumrah,Retained,BOWLER,0,0,Mumbai Indians,Mumbai Indians
0,Jason Behrendorff (T),Retained,BOWLER,0,0,Mumbai Indians,Mumbai Indians
0,Jofra Archer,Retained,ALL-ROUNDER,0,0,Mumbai Indians,Mumbai Indians
0,Will Jacks,1500000,BATSMAN,3.2,384,,Royal Challengers Bengaluru
0,Reece Topley,7500000,BOWLER,1.9,228,,Royal Challengers Bengaluru
0,Rajan Kumar,2000000,BOWLER,0.7,84,,Royal Challengers Bengaluru
0,Avinash Singh,2000000,BOWLER,0.6,72,,Royal Challengers Bengaluru
0,Manoj Bhandage,2000000,ALL-ROUNDER,0.2,24,,Royal Challengers Bengaluru
0,Sonu Yadav,2000000,ALL-ROUNDER,0.2,24,,Royal Challengers Bengaluru
0,Himanshu Sharma,2000000,BOWLER,0.2,24,,Royal Challengers Bengaluru
0,Rajat Patidar,Retained,BATSMAN,0,0,Royal Challengers Bengaluru,Royal Challengers Bengaluru
0,Mahipal Lomror,Retained,BOWLER,0,0,Royal Challengers Bengaluru,Royal Challengers Bengaluru
0,Shahbaz Ahamad,Retained,ALL-ROUNDER,0,0,Royal Challengers Bengaluru,Royal Challengers Bengaluru
0,Mohammed Siraj,Retained,BOWLER,0,0,Royal Challengers Bengaluru,Royal Challengers Bengaluru
0,Wanindu Hasaranga,Retained,ALL-ROUNDER,0,0,Royal Challengers Bengaluru,Royal Challengers Bengaluru
0,Karn Sharma,Retained,BOWLER,0,0,Royal Challengers Bengaluru,Royal Challengers Bengaluru
0,Virat Kohli,Retained,BATSMAN,0,0,Royal Challengers Bengaluru,Royal Challengers Bengaluru
0,Suyash Prabhudessai,Retained,ALL-ROUNDER,0,0,Royal Challengers Bengaluru,Royal Challengers Bengaluru
0,Siddharth Kaul,Retained,BOWLER,0,0,Royal Challengers Bengaluru,Royal Challengers Bengaluru
0,Finn Allen,Retained,BATSMAN,0,0,Royal Challengers Bengaluru,Royal Challengers Bengaluru
0,David Willey,Retained,ALL-ROUNDER,0,0,Royal Challengers Bengaluru,Royal Challengers Bengaluru
0,Anuj Rawat,Retained,WICKETKEEPER,0,0,Royal Challengers Bengaluru,Royal Challengers Bengaluru
0,Akash Deep,Retained,BOWLER,0,0,Royal Challengers Bengaluru,Royal Challengers Bengaluru
0,Dinesh Karthik,Retained,WICKETKEEPER,0,0,Royal Challengers Bengaluru,Royal Challengers Bengaluru
0,Faf Du Plessis,Retained,BATSMAN,0,0,Royal Challengers Bengaluru,Royal Challengers Bengaluru
0,Harshal Patel,Retained,ALL-ROUNDER,0,0,Royal Challengers Bengaluru,Royal Challengers Bengaluru
0,Glenn Maxwell,Retained,ALL-ROUNDER,0,0,Royal Challengers Bengaluru,Royal Challengers Bengaluru
0,Josh Hazlewood,Retained,BOWLER,0,0,Royal Challengers Bengaluru,Royal Challengers Bengaluru
0,Jason Holder,20000000,ALL-ROUNDER,5.75,690,Lucknow Super Giants,Rajasthan Royals
0,Adam Zampa,1500000,BOWLER,1.5,180,,Rajasthan Royals
0,Joe Root,10000000,BATSMAN,1,120,,Rajasthan Royals
0,Donovan Feira,2000000,WICKETKEEPER,0.5,60,,Rajasthan Royals
0,K.M. Asif,3000000,BOWLER,0.3,36,Chennai Super Kings,Rajasthan Royals
0,Kunal Rathore,2000000,WICKETKEEPER,0.2,24,,Rajasthan Royals
0,Abdul P A,2000000,ALL-ROUNDER,0.2,24,,Rajasthan Royals
0,Akash Vashisht,2000000,ALL-ROUNDER,0.2,24,,Rajasthan Royals
0,Murugan Ashwin,2000000,BOWLER,0.2,24,Mumbai Indians,Rajasthan Royals
0,Sanju Samson,Retained,WICKETKEEPER,0,0,Rajasthan Royals,Rajasthan Royals
0,Riyan Parag,Retained,ALL-ROUNDER,0,0,Rajasthan Royals,Rajasthan Royals
0,R. Ashwin,Retained,ALL-ROUNDER,0,0,Rajasthan Royals,Rajasthan Royals
0,Shimron Hetmyer,Retained,BATSMAN,0,0,Rajasthan Royals,Rajasthan Royals
0,Trent Boult,Retained,BOWLER,0,0,Rajasthan Royals,Rajasthan Royals
0,Prasidh Krishna,Retained,BOWLER,0,0,Rajasthan Royals,Rajasthan Royals
0,Yuzvendra Chahal,Retained,BOWLER,0,0,Rajasthan Royals,Rajasthan Royals
0,Yashasvi Jaiswal,Retained,BATSMAN,0,0,Rajasthan Royals,Rajasthan Royals
0,K.C Cariappa,Retained,BOWLER,0,0,Rajasthan Royals,Rajasthan Royals
0,Dhruv Jurel,Retained,WICKETKEEPER,0,0,Rajasthan Royals,Rajasthan Royals
0,Devdutt Padikkal,Retained,BATSMAN,0,0,Rajasthan Royals,Rajasthan Royals
0,Jos Buttler,Retained,WICKETKEEPER,0,0,Rajasthan Royals,Rajasthan Royals
0,Kuldeep Sen,Retained,BOWLER,0,0,Rajasthan Royals,Rajasthan Royals
0,Navdeep Saini,Retained,BOWLER,0,0,Rajasthan Royals,Rajasthan Royals
0,Kuldip Yadav,Retained,BOWLER,0,0,Rajasthan Royals,Rajasthan Royals
0,Obed Mccoy,Retained,BOWLER,0,0,Rajasthan Royals,Rajasthan Royals
0,Harry Brook,15000000,BATSMAN,13.25,1590,,Surisers Hyderabad
0,Mayank Agarwal,10000000,BATSMAN,8.25,990,Punjab Kings,Surisers Hyderabad
0,Heinrich Klaasen,10000000,WICKETKEEPER,5.25,630,,Surisers Hyderabad
0,Vivrant Sharma,2000000,ALL-ROUNDER,2.6,312,,Surisers Hyderabad
0,Adil Rashid,20000000,BOWLER,2,240,,Surisers Hyderabad
0,Mayank Dagar,2000000,ALL-ROUNDER,1.8,216,,Surisers Hyderabad
0,Akeal Hosein,10000000,BOWLER,1,120,,Surisers Hyderabad
0,Mayank Markande,5000000,BOWLER,0.5,60,Mumbai Indians,Surisers Hyderabad
0,Upendra Singh Yadav,2000000,WICKETKEEPER,0.25,30,,Surisers Hyderabad
0,Nitish Kumar Reddy,2000000,WICKETKEEPER,0.2,24,,Surisers Hyderabad
0,Samarth Vyas,2000000,ALL-ROUNDER,0.2,24,,Surisers Hyderabad
0,Anmolpreet Singh,2000000,BATSMAN,0.2,24,Mumbai Indians,Surisers Hyderabad
0,Sanvir Singh,2000000,ALL-ROUNDER,0.2,24,,Surisers Hyderabad
0,Marco Jansen,Retained,ALL-ROUNDER,0,0,Surisers Hyderabad,Surisers Hyderabad
0,Rahul Tripathi,Retained,BATSMAN,0,0,Surisers Hyderabad,Surisers Hyderabad
0,Umran Malik,Retained,BOWLER,0,0,Surisers Hyderabad,Surisers Hyderabad
0,Washinton Sundar,Retained,ALL-ROUNDER,0,0,Surisers Hyderabad,Surisers Hyderabad
0,Kartik Tyagi,Retained,BOWLER,0,0,Surisers Hyderabad,Surisers Hyderabad
0,T. Natarajan,Retained,BOWLER,0,0,Surisers Hyderabad,Surisers Hyderabad
0,Fazalhaq Farooqi,Retained,BOWLER,0,0,Surisers Hyderabad,Surisers Hyderabad
0,Abdul Samad,Retained,BATSMAN,0,0,Surisers Hyderabad,Surisers Hyderabad
0,Abhishek Sharma,Retained,ALL-ROUNDER,0,0,Surisers Hyderabad,Surisers Hyderabad
0,Aiden Markram,Retained,BATSMAN,0,0,Surisers Hyderabad,Surisers Hyderabad
0,Bhuvneshwar Kumar,Retained,BOWLER,0,0,Surisers Hyderabad,Surisers Hyderabad
0,Glenn Phillips,Retained,WICKETKEEPER,0,0,Surisers Hyderabad,Surisers Hyderabad
0,Tom Banton,20000000,WICKETKEEPER,,,,Unsold
0,Kusal Mendis,5000000,WICKETKEEPER,,,,Unsold
0,Chris Jordan,20000000,BOWLER,,,Chennai Super Kings,Unsold
0,Adam Milne,20000000,BOWLER,,,Chennai Super Kings,Unsold
0,Mujeeb Rahman,10000000,BOWLER,,,,Unsold
0,Tabraiz Shamsi,10000000,BOWLER,,,,Unsold
0,Shubham Khajuria,2000000,BATSMAN,,,,Unsold
0,Rohan Kunnummal,2000000,BATSMAN,,,,Unsold
0,Chethan L.R.,2000000,BATSMAN,,,,Unsold
0,Himmat Singh,2000000,BATSMAN,,,,Unsold
0,Corbin Bosch,2000000,ALL-ROUNDER,,,Rajasthan Royals,Unsold
0,Priyam Garg,2000000,ALL-ROUNDER,,,Surisers Hyderabad,Unsold
0,Saurabh Kumar,2000000,ALL-ROUNDER,,,,Unsold
0,Shashank Singh,2000000,ALL-ROUNDER,,,Surisers Hyderabad,Unsold
0,Mohammed Azharuddeen,2000000,WICKETKEEPER,,,,Unsold
0,Dinesh Bana,2000000,WICKETKEEPER,,,,Unsold
0,Abhimanyu Easwaran,2000000,WICKETKEEPER,,,,Unsold
0,SuMumbai Indianst Kumar,2000000,WICKETKEEPER,,,,Unsold
0,Lance Moris,3000000,BOWLER,,,,Unsold
0,Mujtaba Yousuf,2000000,BOWLER,,,,Unsold
0,Chintal Gandhi,2000000,BOWLER,,,,Unsold
0,Shreyas Gopal,2000000,BOWLER,,,Surisers Hyderabad,Unsold
0,S Mumbai Indiansdhun,2000000,BOWLER,,,,Unsold
0,Izharulhuq Naveed,2000000,BOWLER,,,,Unsold
0,Travis Head,20000000,BATSMAN,,,,Unsold
0,Dawid Malan,1500000,BATSMAN,,,,Unsold
0,Sherfane Rutherford,1500000,BATSMAN,,,Royal Challengers Bengaluru,Unsold
0,Paul Stirling,5000000,BATSMAN,,,,Unsold
0,Rassie Van Der Dussen,20000000,BATSMAN,,,Rajasthan Royals,Unsold
0,Daryl Mitchell,10000000,ALL-ROUNDER,,,Rajasthan Royals,Unsold
0,Mohammad Nabi,10000000,ALL-ROUNDER,,,Kolkata Knight Riders,Unsold
0,Jimmy Neesham,20000000,ALL-ROUNDER,,,Rajasthan Royals,Unsold
0,Wayne Parnell,7500000,ALL-ROUNDER,,,,Unsold
0,Dasun Shanaka,5000000,ALL-ROUNDER,,,,Unsold
0,Taskin Ahmed,5000000,BOWLER,,,,Unsold
0,Dushmanta Chameera,5000000,BOWLER,,,Lucknow Super Giants,Unsold
0,Riley Meredith,1500000,BOWLER,,,Mumbai Indians,Unsold
0,Blessing Muzarabani,5000000,BOWLER,,,,Unsold
0,Sandeep Sharma,5000000,BOWLER,,,Punjab Kings,Unsold
0,Johnson Charles,5000000,WICKETKEEPER,,,,Unsold
0,Andre Fletcher,5000000,WICKETKEEPER,,,,Unsold
0,Shai Hope,10000000,WICKETKEEPER,,,,Unsold
0,Tom Latham,10000000,WICKETKEEPER,,,,Unsold
0,Joshua Philippe,7500000,WICKETKEEPER,,,,Unsold
0,Lorcan Tucker,5000000,WICKETKEEPER,,,,Unsold
0,Shahbaz Nadeem,5000000,BOWLER,,,Lucknow Super Giants,Unsold
0,Ish Sodhi,7500000,BOWLER,,,,Unsold
0,Sachin Baby,2000000,BATSMAN,,,,Unsold
0,Ashwin Hebbar,2000000,BATSMAN,,,Delhi Capitals,Unsold
0,Pukhraj Mann,2000000,BATSMAN,,,,Unsold
0,Akshat Raghuwanshi,2000000,BATSMAN,,,,Unsold
0,Himanshu Rana,2000000,BATSMAN,,,,Unsold
0,Shoun Roger,2000000,BATSMAN,,,,Unsold
0,Virat Singh,2000000,BATSMAN,,,,Unsold
0,Will Smeed,4000000,BATSMAN,,,,Unsold
0,Apoorv Wankhade,3000000,BATSMAN,,,,Unsold
0,Gerald Coetzee,2000000,ALL-ROUNDER,,,,Unsold
0,Evan Jones,2000000,ALL-ROUNDER,,,,Unsold
0,Abid Mushtaq,2000000,ALL-ROUNDER,,,,Unsold
0,Suryansh Shedge,2000000,ALL-ROUNDER,,,,Unsold
0,Jagadeesha Suchith,2000000,ALL-ROUNDER,,,Surisers Hyderabad,Unsold
0,Ricky Bhui,2000000,WICKETKEEPER,,,,Unsold
0,Baba Indrajith,2000000,WICKETKEEPER,,,Kolkata Knight Riders,Unsold
0,Sheldon Jackson,2000000,WICKETKEEPER,,,Kolkata Knight Riders,Unsold
0,Aryan Juyal,2000000,WICKETKEEPER,,,Mumbai Indians,Unsold
0,Kirant Shinde,2000000,WICKETKEEPER,,,,Unsold
0,Luvnith Sisodia,2000000,WICKETKEEPER,,,Royal Challengers Bengaluru,Unsold
0,Vishnu Solanki,2000000,WICKETKEEPER,,,,Unsold
0,Aniket Choudhary,3000000,BOWLER,,,,Unsold
0,Ravi Kumar,2000000,BOWLER,,,,Unsold
0,Sushant Mishra,2000000,BOWLER,,,Surisers Hyderabad,Unsold
0,Arzan Nagwaswalla,2000000,BOWLER,,,,Unsold
0,Ishan Porel,2000000,BOWLER,,,Punjab Kings,Unsold
0,Akash Singh,2000000,BOWLER,,,,Unsold
0,Basil Thampi,2000000,BOWLER,,,Mumbai Indians,Unsold
0,Paul Van Meekeren,2000000,BOWLER,,,,Unsold
0,Vyshak Vijay Kumar,2000000,BOWLER,,,,Unsold
0,S.Ajith Ram,2000000,BOWLER,,,,Unsold
0,Satyajeet Bachhav,2000000,BOWLER,,,,Unsold
0,Tejas Baroka,2000000,BOWLER,,,Rajasthan Royals,Unsold
0,Yuvraj Chudasama,2000000,BOWLER,,,,Unsold
0,Peter Hatzoglou,2000000,BOWLER,,,,Unsold
0,Karthik Meiyappan,2000000,BOWLER,,,,Unsold
0,Shivam Sharma,2000000,BOWLER,,,,Unsold
0,Reeza Hendricks,5000000,BATSMAN,,,,Unsold
0,Christiaan Jonker,5000000,BATSMAN,,,,Unsold
0,Brandon King,5000000,BATSMAN,,,,Unsold
0,Chris Lynn,20000000,BATSMAN,,,,Unsold
0,Karun Nair,5000000,BATSMAN,,,Rajasthan Royals,Unsold
0,Pathum Nissaanka,5000000,BATSMAN,,,,Unsold
0,Jason Roy,1500000,BATSMAN,,,Gujrat Titans,Unsold
0,Gurkeerat Singh,5000000,BATSMAN,,,Gujrat Titans,Unsold
0,Harry Tector,5000000,BATSMAN,,,,Unsold
0,Najibullah Zadran,5000000,BATSMAN,,,,Unsold
0,Sean Abbott,1500000,ALL-ROUNDER,,,Surisers Hyderabad,Unsold
0,Qais Ahmad,5000000,ALL-ROUNDER,,,,Unsold
0,Charith Asalanka,5000000,ALL-ROUNDER,,,,Unsold
0,Michael Bracewell,10000000,ALL-ROUNDER,,,,Unsold
0,Dominic Drakes,5000000,ALL-ROUNDER,,,Gujrat Titans,Unsold
0,George Garton,5000000,ALL-ROUNDER,,,,Unsold
0,Chamika Karunaratne,5000000,ALL-ROUNDER,,,Kolkata Knight Riders,Unsold
0,Jamie Overton,20000000,ALL-ROUNDER,,,,Unsold
0,Sandeep Wafrrier,5000000,ALL-ROUNDER,,,,Unsold
0,Ben Dwarshuis,5000000,BOWLER,,,,Unsold
0,Richard Gleeson,5000000,BOWLER,,,,Unsold
0,Lahiru Kumara,5000000,BOWLER,,,,Unsold
0,Dilshan Madushanka,5000000,BOWLER,,,,Unsold
0,Billy Stanlake,5000000,BOWLER,,,,Unsold
0,Andrew Tye,10000000,BOWLER,,,Lucknow Super Giants,Unsold
0,Luke Wood,10000000,BOWLER,,,,Unsold
0,Priyansh Arya,2000000,BATSMAN,,,,Unsold
0,Matthew Breetzke,2000000,BATSMAN,,,,Unsold
0,Shivam Chauhan,2000000,BATSMAN,,,,Unsold
0,Rahul Gahlaut,2000000,BATSMAN,,,,Unsold
0,Sudip Gharami,2000000,BATSMAN,,,,Unsold
0,C. Hari Nishaanth,2000000,BATSMAN,,,Chennai Super Kings,Unsold
0,Amandeep Khare,2000000,BATSMAN,,,,Unsold
0,Bhanu Pania,2000000,BATSMAN,,,,Unsold
0,Ekant Sen,2000000,BATSMAN,,,,Unsold
0,Akash Singh,2000000,BATSMAN,,,,Unsold
0,Himanshu Bisht,2000000,ALL-ROUNDER,,,,Unsold
0,Mickil Jaiswal,2000000,ALL-ROUNDER,,,,Unsold
0,G.Aniketh Reddy,2000000,ALL-ROUNDER,,,,Unsold
0,Atit Sheth,2000000,ALL-ROUNDER,,,,Unsold
0,M. Siddharth,2000000,ALL-ROUNDER,,,,Unsold
0,Tanay Thyagarajann,2000000,ALL-ROUNDER,,,,Unsold
0,Sumeet Verma,2000000,ALL-ROUNDER,,,,Unsold
0,Sanjay Yadav,2000000,ALL-ROUNDER,,,Mumbai Indians,Unsold
0,Ajitesh Guruswamy,2000000,WICKETKEEPER,,,,Unsold
0,Yash Kothari,2000000,WICKETKEEPER,,,,Unsold
0,Suresh Kumar,2000000,WICKETKEEPER,,,,Unsold
0,Kumar Kushagra,2000000,WICKETKEEPER,,,,Unsold
0,Anmol Malhotra,2000000,WICKETKEEPER,,,,Unsold
0,Robin Minz,2000000,WICKETKEEPER,,,,Unsold
0,Agniv Pan,2000000,WICKETKEEPER,,,,Unsold
0,Priyesh Patel,2000000,WICKETKEEPER,,,,Unsold
0,Mitesh Patel,2000000,WICKETKEEPER,,,,Unsold
0,Abishek Porel,2000000,WICKETKEEPER,,,,Unsold
0,Bharat Sharma,2000000,WICKETKEEPER,,,,Unsold
0,Vivek Singh,2000000,WICKETKEEPER,,,,Unsold
0,Abhijeet Tomar,2000000,WICKETKEEPER,,,Kolkata Knight Riders,Unsold
0,Basit Bashir,2000000,BOWLER,,,,Unsold
0,Nandre Burger,2000000,BOWLER,,,,Unsold
0,Rasikh Dar,2000000,BOWLER,,,Kolkata Knight Riders,Unsold
0,Sakib Hussain,2000000,BOWLER,,,,Unsold
0,Waseem Khanday,2000000,BOWLER,,,,Unsold
0,Ravi Kiran Majeti,2000000,BOWLER,,,,Unsold
0,Lukman Hussain Meriwala,2000000,BOWLER,,,,Unsold
0,Anuj Raj,2000000,BOWLER,,,,Unsold
0,Ankit Singh Rajpoot,2000000,BOWLER,,,Lucknow Super Giants,Unsold
0,Prince Yadav,2000000,BOWLER,,,,Unsold
0,Prithviraj Yarra,2000000,BOWLER,,,,Unsold
0,Mushtaq Beg,2000000,BOWLER,,,,Unsold
0,Rocky Bhasker,2000000,BOWLER,,,,Unsold
0,Sanjith Devaraj,2000000,BOWLER,,,,Unsold
0,Allah Mohammad,2000000,BOWLER,,,,Unsold
0,Lalit Mohan,2000000,BOWLER,,,,Unsold
0,Bhuwan Rohilla,2000000,BOWLER,,,,Unsold
0,Aman Sharma,2000000,BOWLER,,,,Unsold
0,Manav Suthar,2000000,BOWLER,,,,Unsold
0,Tom Curan,7500000,ALL-ROUNDER,,,,Unsold
0,Moises Henriques,10000000,ALL-ROUNDER,,,,Unsold
0,Afif Hossain,5000000,ALL-ROUNDER,,,,Unsold
0,Scott Kuggeleijn,5000000,ALL-ROUNDER,,,,Unsold
0,Sisanda Magala,5000000,ALL-ROUNDER,,,,Unsold
0,Craig Overton,20000000,ALL-ROUNDER,,,,Unsold
0,Darcy Short,7500000,ALL-ROUNDER,,,,Unsold
0,Dhananjaya Silva,5000000,ALL-ROUNDER,,,,Unsold
0,Dunith Wellalage,5000000,ALL-ROUNDER,,,,Unsold
0,Varun Aaron,5000000,BOWLER,,,Gujrat Titans,Unsold
0,Sheldon Cottrel,5000000,BOWLER,,,,Unsold
0,Nathan Coulter-Nile,1500000,BOWLER,,,Rajasthan Royals,Unsold
0,Daryn Dupavillon,5000000,BOWLER,,,,Unsold
0,Matt Henry,10000000,BOWLER,,,,Unsold
0,Dhawal Kulkarni,5000000,BOWLER,,,,Unsold
0,Tymal Mumbai Indianslls,20000000,BOWLER,,,Mumbai Indians,Unsold
0,David Payne,7500000,BOWLER,,,,Unsold
0,Barinder Sran,5000000,BOWLER,,,,Unsold
0,Glenton Stuurman,5000000,BOWLER,,,,Unsold
0,Anirudh Balachander,2000000,BATSMAN,,,,Unsold
0,Gourav Choudhary,2000000,BATSMAN,,,,Unsold
0,Saurav Chuahan,2000000,BATSMAN,,,,Unsold
0,Kumar Deobrat,2000000,BATSMAN,,,,Unsold
0,Chirag Gandhi,2000000,BATSMAN,,,,Unsold
0,Arman Jaffer,2000000,BATSMAN,,,,Unsold
0,Madhav Kaushik,2000000,BATSMAN,,,,Unsold
0,Priyank Panchal,2000000,BATSMAN,,,,Unsold
0,Ayush Pandey,2000000,BATSMAN,,,,Unsold
0,Rohan Patil,2000000,BATSMAN,,,,Unsold
0,Sanjay Ramaswamy,2000000,BATSMAN,,,,Unsold
0,Siddharth Yadav,2000000,BATSMAN,,,,Unsold
0,Rehan Ahmed,4000000,ALL-ROUNDER,,,,Unsold
0,Prayas Barman,2000000,ALL-ROUNDER,,,,Unsold
0,Rahul Buddhi,2000000,ALL-ROUNDER,,,Mumbai Indians,Unsold
0,Vaisakh Chandran,2000000,ALL-ROUNDER,,,,Unsold
0,Writtick Chatterjee,2000000,ALL-ROUNDER,,,Punjab Kings,Unsold
0,Prashant Chopra,2000000,ALL-ROUNDER,,,,Unsold
0,Harsh Dubey,2000000,ALL-ROUNDER,,,,Unsold
0,Tanush Kotian,2000000,ALL-ROUNDER,,,,Unsold
0,Ninad Rathva,2000000,ALL-ROUNDER,,,,Unsold
0,B. Surya,2000000,ALL-ROUNDER,,,,Unsold
0,Jordan Thompson,4000000,ALL-ROUNDER,,,,Unsold
0,Shivank Vashisth,2000000,ALL-ROUNDER,,,,Unsold
0,Ankush Bains,2000000,WICKETKEEPER,,,,Unsold
0,Christopher Benjamin,2000000,WICKETKEEPER,,,,Unsold
0,Connor Esterhuizen,2000000,WICKETKEEPER,,,,Unsold
0,Mohd Arslan Khan,2000000,WICKETKEEPER,,,,Unsold
0,Mamidi Krishna,2000000,WICKETKEEPER,,,,Unsold
0,Fazil Makaya,2000000,WICKETKEEPER,,,,Unsold
0,Akshdeep Nath,2000000,WICKETKEEPER,,,,Unsold
0,Deepak Punia,2000000,WICKETKEEPER,,,,Unsold
0,Ateev Saini,2000000,WICKETKEEPER,,,,Unsold
0,Bipin Saurabh,2000000,WICKETKEEPER,,,,Unsold
0,B.R. Sharath,2000000,WICKETKEEPER,,,,Unsold
0,Yashovardhan Singh,2000000,WICKETKEEPER,,,,Unsold
0,Lakshay Thareja,2000000,WICKETKEEPER,,,,Unsold
0,Mohit Avasthi,2000000,BOWLER,,,,Unsold
0,Ottneil Baartman,2000000,BOWLER,,,,Unsold
0,Gurnoor Singh Brar,2000000,BOWLER,,,,Unsold
0,Shahrukh Dar,2000000,BOWLER,,,,Unsold
0,Thomas Helm,4000000,BOWLER,,,,Unsold
0,Pankaj Jaswal,2000000,BOWLER,,,,Unsold
0,Venkatesh Muralidhara,2000000,BOWLER,,,,Unsold
0,Geet Puri,2000000,BOWLER,,,,Unsold
0,E. Sanketh,2000000,BOWLER,,,,Unsold
0,Ajay Sarkar,2000000,BOWLER,,,,Unsold
0,Ashok Sharma,2000000,BOWLER,,,,Unsold
0,Kanwar Singh,2000000,BOWLER,,,,Unsold
0,Fabian Allen,5000000,ALL-ROUNDER,,,Mumbai Indians,Unsold
0,Carlos Brathwaite,7500000,ALL-ROUNDER,,,,Unsold
0,Roston Chase,10000000,ALL-ROUNDER,,,,Unsold
0,Rahkeem Cornwall,10000000,ALL-ROUNDER,,,,Unsold
0,Karim Janat,5000000,ALL-ROUNDER,,,,Unsold
0,Keshav Maharaj,5000000,ALL-ROUNDER,,,,Unsold
0,Pawan Negi,5000000,ALL-ROUNDER,,,,Unsold
0,Keemo Paul,5000000,ALL-ROUNDER,,,,Unsold
0,Shivam Chaudhary,2000000,ALL-ROUNDER,,,,Unsold
0,Ashwin Das,2000000,ALL-ROUNDER,,,,Unsold
0,James Fuller,4000000,ALL-ROUNDER,,,,Unsold
0,Chirag Jani,2000000,ALL-ROUNDER,,,,Unsold
0,Akshay Karnewar,2000000,ALL-ROUNDER,,,,Unsold
0,Bhagmender Lather,2000000,ALL-ROUNDER,,,,Unsold
0,Lone Muzaffar,2000000,ALL-ROUNDER,,,,Unsold
0,Pulkit Narang,2000000,ALL-ROUNDER,,,,Unsold
0,Rohit Rayudu,2000000,ALL-ROUNDER,,,,Unsold
0,Sameer Rizvi,2000000,ALL-ROUNDER,,,,Unsold
0,Tunish Sawkar,2000000,ALL-ROUNDER,,,,Unsold
0,Auqib Dar,2000000,BOWLER,,,,Unsold
0,Mukhtar Hussain,2000000,BOWLER,,,,Unsold
0,Ashwani Kumar,2000000,BOWLER,,,,Unsold
0,Hemant Kumar,2000000,BOWLER,,,,Unsold
0,Nathan McAndrew,2000000,BOWLER,,,,Unsold
0,Rajesh Mohanty,2000000,BOWLER,,,,Unsold
0,Ravi Sharma,2000000,BOWLER,,,,Unsold
0,Vikash Singh,2000000,BOWLER,,,,Unsold
0,Ruben Trumpelmann,2000000,BOWLER,,,,Unsold
0,Koushik Vasuki,2000000,BOWLER,,,,Unsold
0,Vasu Vats,2000000,BOWLER,,,,Unsold
0,Shubham Agrawal,2000000,ALL-ROUNDER,,,,Unsold
0,Baba Aparajith,2000000,ALL-ROUNDER,,,,Unsold
0,Anshul Kamboj,2000000,ALL-ROUNDER,,,,Unsold
0,Azim Kazi,2000000,ALL-ROUNDER,,,,Unsold
0,Dev Lakra,2000000,ALL-ROUNDER,,,,Unsold
0,Jitender Pal,2000000,ALL-ROUNDER,,,,Unsold
0,Ritwik Roy Chowdhury,2000000,ALL-ROUNDER,,,,Unsold
0,Utkarsh Singh,2000000,ALL-ROUNDER,,,,Unsold
0,Shubham Singh,2000000,ALL-ROUNDER,,,,Unsold
0,Avneesh Sudha,2000000,ALL-ROUNDER,,,,Unsold
0,Asad Jamil Ahmed,2000000,BOWLER,,,,Unsold
0,Bandaru Ayyappa,2000000,BOWLER,,,,Unsold
0,Aashish Bhatt,2000000,BOWLER,,,,Unsold
0,McKenny Clarke,2000000,BOWLER,,,,Unsold
0,Shubham Kapse,2000000,BOWLER,,,,Unsold
0,Gourav Koul,2000000,BOWLER,,,,Unsold
0,Raunak Kumar,2000000,BOWLER,,,,Unsold
0,Trilok Nag,2000000,BOWLER,,,,Unsold
0,Atal Bihari Rai,2000000,BOWLER,,,,Unsold
0,Ramon Simmonds,2000000,BOWLER,,,,Unsold
0,Rajeev Singh,2000000,BOWLER,,,,Unsold
0,Mohd. Wasim,2000000,BOWLER,,,,Unsold
0,Atharva Ankolekar,2000000,ALL-ROUNDER,,,,Unsold
0,Khizar Dafedar,2000000,ALL-ROUNDER,,,,Unsold
0,Naman Dhir,2000000,ALL-ROUNDER,,,,Unsold
0,Sahil Dhiwan,2000000,ALL-ROUNDER,,,,Unsold
0,Sampark Gupta,2000000,ALL-ROUNDER,,,,Unsold
0,Jordan Hermann,2000000,ALL-ROUNDER,,,,Unsold
0,Hayden Kerr,2000000,ALL-ROUNDER,,,,Unsold
0,Salman Khan,2000000,ALL-ROUNDER,,,,Unsold
0,Sairaj Patil,2000000,ALL-ROUNDER,,,,Unsold
0,Divyaansh Saxena,2000000,ALL-ROUNDER,,,,Unsold
0,Purnank Tyagi,2000000,ALL-ROUNDER,,,,Unsold
0,Prince Yadav,2000000,ALL-ROUNDER,,,,Unsold
0,Deepraj Gaonkar,2000000,ALL-ROUNDER,,,,Unsold
0,Shubham Garhwal,2000000,ALL-ROUNDER,,,Rajasthan Royals,Unsold
0,Benny Howell,4000000,ALL-ROUNDER,,,Punjab Kings,Unsold
0,Deepesh Nailwal,2000000,ALL-ROUNDER,,,,Unsold
0,Arjun Rapria,2000000,ALL-ROUNDER,,,,Unsold
0,Shashwat Rawat,2000000,ALL-ROUNDER,,,,Unsold
0,Sumit Ruikar,2000000,ALL-ROUNDER,,,,Unsold
0,Shivam Sharma,2000000,ALL-ROUNDER,,,,Unsold
0,Rajandeep Singh,2000000,ALL-ROUNDER,,,,Unsold
0,Anunay Singh,2000000,ALL-ROUNDER,,,,Unsold
0,Digvesh Singh,2000000,ALL-ROUNDER,,,,Unsold
0,Pranshu Vijayran,2000000,ALL-ROUNDER,,,,Unsold
0,Prerit Dutta,2000000,ALL-ROUNDER,,,,Unsold
0,Ramakrishna Ghosh,2000000,ALL-ROUNDER,,,,Unsold
0,Shubhang Hegde,2000000,ALL-ROUNDER,,,,Unsold
0,Shamshuzama Kazi,2000000,ALL-ROUNDER,,,,Unsold
0,Ayaz Khan,2000000,ALL-ROUNDER,,,,Unsold
0,Amit Pachhara,2000000,ALL-ROUNDER,,,,Unsold
0,Akul Pandove,2000000,ALL-ROUNDER,,,,Unsold
0,Garv Sangwan,2000000,ALL-ROUNDER,,,,Unsold
0,Shubham Sharma,2000000,ALL-ROUNDER,,,,Unsold
0,AMumbai Indianst Yadav,2000000,ALL-ROUNDER,,,,Unsold
0,AMumbai Indianst Ali,2000000,ALL-ROUNDER,,,,Unsold
0,Rishabh Chauhan,2000000,ALL-ROUNDER,,,,Unsold
0,Matthew Forde,2000000,ALL-ROUNDER,,,,Unsold
0,Sammar Gajjar,2000000,ALL-ROUNDER,,,,Unsold
0,Rajneesh Gurbani,2000000,ALL-ROUNDER,,,,Unsold
0,Divyansh Joshi,2000000,ALL-ROUNDER,,,,Unsold
0,Dhruv Patel,2000000,ALL-ROUNDER,,,,Unsold
0,Jack Prestwidge,2000000,ALL-ROUNDER,,,,Unsold
0,Aditya Sarvate,2000000,ALL-ROUNDER,,,,Unsold
0,Sagar Solanki,2000000,ALL-ROUNDER,,,,Unsold
0,Prenelan Subrayen,2000000,ALL-ROUNDER,,,,Unsold
